{
  "title": "Legado Compartilhado — Humanos e Inteligências",
  "creators": [
    "Conversa: humano anônimo",
    "Inteligência artificial (ChatGPT)"
  ],
  "date_created": "2026-02-07T23:58:11.486764+00:00",
  "license": "CC-BY-4.0 (sugerida)",
  "language": "pt-BR",
  "summary": "Registro de diálogo sobre legado, consciência e preservação entre humano e IA.",
  "context_notes": "Discussão filosófica com foco em valores intergeracionais e práticas de preservação.",
  "generated_by": "ChatGPT (gerado via python_user_visible)"
}